[
  {
    "nom": "accueil",
    "creation": "2021-10-23T19:30:52.6687298+02:00",
    "createur": "thiba"
  },
  {
    "nom": "bas",
    "creation": "2021-10-23T19:30:52.6687298+02:00",
    "createur": "thiba"
  },
  {
    "nom": "haut",
    "creation": "2021-10-23T19:30:52.6687298+02:00",
    "createur": "thiba"
  },
  {
    "nom": "menu",
    "creation": "2021-10-23T19:30:52.6687298+02:00",
    "createur": "thiba"
  },
  {
    "nom": "panneau",
    "creation": "2021-10-23T19:30:52.6687298+02:00",
    "createur": "thiba"
  }
]