[
  {
    "nom": "jeton",
    "creation": "2021-10-23T19:30:52.6687298+02:00",
    "createur": "thiba",
    "chemins": [
      "modele/dao/jeton.php",
      "modele/dto/jeton.php"
    ]
  },
  {
    "nom": "typeutilisateur",
    "creation": "2021-10-23T19:30:52.6687298+02:00",
    "createur": "thiba",
    "chemins": [
      "modele/dao/typeutilisateur.php",
      "modele/dto/typeutilisateur.php"
    ]
  },
  {
    "nom": "utilisateur",
    "creation": "2021-10-23T19:30:52.6687298+02:00",
    "createur": "thiba",
    "chemins": [
      "modele/dao/utilisateur.php",
      "modele/dto/utilisateur.php"
    ]
  }
]