[
  {
    "nom": "autoloader",
    "creation": "2021-10-23T19:30:52.6687298+02:00",
    "createur": "thiba",
    "chemins": [
      "librairie/php/autoloader.php"
    ]
  },
  {
    "nom": "convert",
    "creation": "2021-10-23T19:30:52.6687298+02:00",
    "createur": "thiba",
    "chemins": [
      "librairie/php/convert.php"
    ]
  },
  {
    "nom": "database",
    "creation": "2021-10-23T19:30:52.6687298+02:00",
    "createur": "thiba",
    "chemins": [
      "librairie/php/database.php"
    ]
  },
  {
    "nom": "debug",
    "creation": "2021-10-23T19:30:52.6687298+02:00",
    "createur": "thiba",
    "chemins": [
      "librairie/php/debug.php"
    ]
  },
  {
    "nom": "routeur",
    "creation": "2021-10-23T19:30:52.6687298+02:00",
    "createur": "thiba",
    "chemins": [
      "librairie/php/routeur.php"
    ]
  },
  {
    "nom": "security",
    "creation": "2021-10-23T19:30:52.6687298+02:00",
    "createur": "thiba",
    "chemins": [
      "librairie/php/security.php"
    ]
  },
  {
    "nom": "gmap",
    "creation": "2021-10-23T19:30:52.6687298+02:00",
    "createur": "thiba",
    "chemins": [
      "librairie/js/gmap.js"
    ]
  },
  {
    "nom": "http",
    "creation": "2021-10-23T19:30:52.6687298+02:00",
    "createur": "thiba",
    "chemins": [
      "librairie/js/http.js"
    ]
  },
  {
    "nom": "url",
    "creation": "2021-10-23T19:30:52.6687298+02:00",
    "createur": "thiba",
    "chemins": [
      "librairie/js/url.js",
      "librairie/php/url.php"
    ]
  },
  {
    "nom": "export",
    "creation": "2021-10-23T19:30:52.6687298+02:00",
    "createur": "thiba",
    "chemins": [
      "librairie/js/export.js"
    ]
  },
  {
    "nom": "html",
    "creation": "2021-11-28T19:30:52.6687298+02:00",
    "createur": "thiba",
    "chemins": [
      "librairie/php/html.php"
    ]
  },
  {
    "nom": "date",
    "creation": "2021-12-01T19:30:52.6687298+02:00",
    "createur": "thiba",
    "chemins": [
      "librairie/php/date.php"
    ]
  },
  {
    "nom": "session",
    "creation": "2021-12-01T19:30:52.6687298+02:00",
    "createur": "thiba",
    "chemins": [
      "librairie/php/session.php"
    ]
  }
]