[
  {
    "nom": "autoloader",
    "creation": "2021-10-23T19:30:52.6687298+02:00",
    "createur": "thiba",
    "chemins": [
      "librairie\\php\\autoloader.php"
    ]
  },
  {
    "nom": "convert",
    "creation": "2021-10-23T19:30:52.6687298+02:00",
    "createur": "thiba",
    "chemins": [
      "librairie\\php\\convert.php"
    ]
  },
  {
    "nom": "database",
    "creation": "2021-10-23T19:30:52.6687298+02:00",
    "createur": "thiba",
    "chemins": [
      "librairie\\php\\database.php"
    ]
  },
  {
    "nom": "debug",
    "creation": "2021-10-23T19:30:52.6687298+02:00",
    "createur": "thiba",
    "chemins": [
      "librairie\\php\\debug.php"
    ]
  },
  {
    "nom": "routeur",
    "creation": "2021-10-23T19:30:52.6687298+02:00",
    "createur": "thiba",
    "chemins": [
      "librairie\\php\\routeur.php"
    ]
  },
  {
    "nom": "security",
    "creation": "2021-10-23T19:30:52.6687298+02:00",
    "createur": "thiba",
    "chemins": [
      "librairie\\php\\security.php"
    ]
  },
  {
    "nom": "gmap",
    "creation": "2021-10-23T19:30:52.6687298+02:00",
    "createur": "thiba",
    "chemins": [
      "librairie\\js\\gmap.js"
    ]
  },
  {
    "nom": "http",
    "creation": "2021-10-23T19:30:52.6687298+02:00",
    "createur": "thiba",
    "chemins": [
      "librairie\\php\\http.js"
    ]
  }
]